id,question,gold_sql,pred_sql,correct
A1,List all employees.,SELECT * FROM employee,"SELECT * FROM ""employee""",True
A2,Show all departments.,SELECT * FROM department,"SELECT * FROM ""department""",True
A3,List all projects.,SELECT * FROM project,"SELECT * FROM ""project""",True
B1,What is Alice's salary?,SELECT salary FROM employee WHERE name = 'Alice',"SELECT ""employee"".""salary"" FROM ""department"" JOIN ""employee"" ON ""department"".""id"" = ""employee"".""dept_id"" WHERE ""department"".""name"" = 'What' AND ""employee"".""name"" = 'Alice'",False
B2,What is Bob's salary?,SELECT salary FROM employee WHERE name = 'Bob',"SELECT ""employee"".""salary"" FROM ""department"" JOIN ""employee"" ON ""department"".""id"" = ""employee"".""dept_id"" WHERE ""department"".""name"" = 'What' AND ""employee"".""name"" = 'Bob'",False
B3,What is the budget of the Sales department?,SELECT budget FROM department WHERE name = 'Sales',"SELECT ""department"".""budget"" FROM ""department"" WHERE ""department"".""name"" = 'What' AND ""department"".""name"" = 'Sales'",False
C1,Which employees have a salary above 70000?,SELECT name FROM employee WHERE salary > 70000,"SELECT ""employee"".""name"" FROM ""employee"" WHERE ""employee"".""salary"" > 70000",True
C2,Which employees have a salary below 60000?,SELECT name FROM employee WHERE salary < 60000,"SELECT ""employee"".""name"" FROM ""employee"" WHERE ""employee"".""salary"" < 60000",True
D1,What is the budget of the What department?,SELECT budget FROM department WHERE name = 'What',"SELECT ""department"".""budget"" FROM ""department"" WHERE ""department"".""name"" = 'What' AND ""department"".""name"" = 'What'",True
D2,What is the id of the What department?,SELECT id FROM department WHERE name = 'What',"SELECT ""department"".""id"" FROM ""department"" WHERE ""department"".""name"" = 'What' AND ""department"".""name"" = 'What'",True
E1,Which employees work in the Engineering department?,SELECT employee.name FROM employee JOIN department ON employee.dept_id = department.id WHERE department.name = 'Engineering',"SELECT ""employee"".""name"" FROM ""department"" JOIN ""employee"" ON ""department"".""id"" = ""employee"".""dept_id"" WHERE ""department"".""name"" = 'Engineering'",True
E2,Which employees work in the Sales department?,SELECT employee.name FROM employee JOIN department ON employee.dept_id = department.id WHERE department.name = 'Sales',"SELECT ""employee"".""name"" FROM ""department"" JOIN ""employee"" ON ""department"".""id"" = ""employee"".""dept_id"" WHERE ""department"".""name"" = 'Sales'",True
E3,Which employees work in the What department?,SELECT employee.name FROM employee JOIN department ON employee.dept_id = department.id WHERE department.name = 'What',"SELECT ""employee"".""name"" FROM ""department"" JOIN ""employee"" ON ""department"".""id"" = ""employee"".""dept_id"" WHERE ""department"".""name"" = 'What'",True
F1,Which projects has Alice contributed to?,SELECT project.name FROM project JOIN assignment ON project.id = assignment.project_id JOIN employee ON employee.id = assignment.emp_id WHERE employee.name = 'Alice',"SELECT ""project"".""name"" FROM ""assignment"" JOIN ""project"" ON ""assignment"".""project_id"" = ""project"".""id"" JOIN ""employee"" ON ""assignment"".""emp_id"" = ""employee"".""id"" WHERE ""employee"".""name"" = 'Alice'",True
F2,Which employees are involved in the Vendor Audit project?,SELECT employee.name FROM employee JOIN assignment ON employee.id = assignment.emp_id JOIN project ON assignment.project_id = project.id WHERE project.name = 'Vendor Audit',"SELECT ""employee"".""name"" FROM ""assignment"" JOIN ""project"" ON ""assignment"".""project_id"" = ""project"".""id"" JOIN ""employee"" ON ""assignment"".""emp_id"" = ""employee"".""id"" WHERE ""project"".""name"" = 'Vendor Audit'",True
F3,Which projects is Carol working on?,SELECT project.name FROM project JOIN assignment ON project.id = assignment.project_id JOIN employee ON employee.id = assignment.emp_id WHERE employee.name = 'Carol',"SELECT ""project"".""name"" FROM ""assignment"" JOIN ""project"" ON ""assignment"".""project_id"" = ""project"".""id"" JOIN ""employee"" ON ""assignment"".""emp_id"" = ""employee"".""id"" WHERE ""employee"".""name"" = 'Carol'",True
F4,Which employees are on the Q3 Roadmap project?,SELECT employee.name FROM employee JOIN assignment ON employee.id = assignment.emp_id JOIN project ON assignment.project_id = project.id WHERE project.name = 'Q3 Roadmap',"SELECT ""employee"".""name"" FROM ""assignment"" JOIN ""project"" ON ""assignment"".""project_id"" = ""project"".""id"" JOIN ""employee"" ON ""assignment"".""emp_id"" = ""employee"".""id"" WHERE ""project"".""name"" = 'Q3 Roadmap'",True
G1,Which department has the highest total salary?,SELECT department.name FROM employee JOIN department ON employee.dept_id = department.id GROUP BY department.name ORDER BY SUM(employee.salary) DESC LIMIT 1,"SELECT ""employee"".""salary"" FROM ""department"" JOIN ""employee"" ON ""department"".""id"" = ""employee"".""dept_id""",False
G2,How many employees are in each department?,"SELECT department.name, COUNT(*) FROM employee JOIN department ON employee.dept_id = department.id GROUP BY department.name","SELECT COUNT(*) FROM ""department"" JOIN ""employee"" ON ""department"".""id"" = ""employee"".""dept_id""",False
